{"cameraMode":{"drawMode":0,"name":"Shaded","section":"Shading Mode"},"sceneLighting":true,"audioPlay":false,"sceneViewState":{"showFog":true,"showMaterialUpdate":false,"showSkybox":true,"showFlares":true,"showImageEffects":true,"showParticleSystems":true},"in2DMode":false,"pivot":{"x":-141.60000610351563,"y":72.97000122070313,"z":162.8000030517578},"rotation":{"x":-0.196150541305542,"y":-0.2746628522872925,"z":0.05734015628695488,"w":-0.9395731091499329},"size":353.3143005371094,"orthographic":false}