{"cameraMode":{"drawMode":0,"name":"Shaded","section":"Shading Mode"},"sceneLighting":true,"audioPlay":false,"sceneViewState":{"showFog":true,"showMaterialUpdate":false,"showSkybox":true,"showFlares":true,"showImageEffects":true,"showParticleSystems":true},"in2DMode":false,"pivot":{"x":58.336639404296878,"y":344.75396728515627,"z":113.10940551757813},"rotation":{"x":-0.13527816534042359,"y":-0.1913439929485321,"z":0.02662656269967556,"w":-0.9718250632286072},"size":621.422607421875,"orthographic":false}