{"cameraMode":{"drawMode":0,"name":"Shaded","section":"Shading Mode"},"sceneLighting":false,"audioPlay":false,"sceneViewState":{"showFog":true,"showMaterialUpdate":false,"showSkybox":false,"showFlares":true,"showImageEffects":true,"showParticleSystems":true},"in2DMode":false,"pivot":{"x":0.02591848373413086,"y":0.038748741149902347,"z":-0.06999999284744263},"rotation":{"x":0.03515808656811714,"y":-0.4833473861217499,"z":-0.019452553242444993,"w":-0.8745430111885071},"size":48.55666732788086,"orthographic":false}