{"cameraMode":{"drawMode":0,"name":"Shaded","section":"Shading Mode"},"sceneLighting":true,"audioPlay":false,"sceneViewState":{"showFog":true,"showMaterialUpdate":false,"showSkybox":true,"showFlares":true,"showImageEffects":true,"showParticleSystems":true},"in2DMode":false,"pivot":{"x":6.0599517822265629,"y":79.60720825195313,"z":-80.72561645507813},"rotation":{"x":-0.008401432074606419,"y":-0.9864979386329651,"z":0.05362890288233757,"w":-0.15454258024692536},"size":342.7518005371094,"orthographic":false}